{
  "bodyTypeName": "teen",
  "url": "https://liberatedpixelcup.github.io/Universal-LPC-Spritesheet-Character-Generator/#?body=Body_color_amber&head=Human_male_amber&sex=teen&eye_color=Eye_Color_brown&hair=Plain_light_brown&weapon=none_Arming_Sword&shoes=Revised_Boots_leather&legs=Leggings_charcoal&clothes=Shortsleeve_charcoal",
  "spritesheets": "https://liberatedpixelcup.github.io/Universal-LPC-Spritesheet-Character-Generator/spritesheets/",
  "version": 1,
  "datetime": "11/2/2025, 9:33:55 PM",
  "credits": [
    {
      "fileName": "body/bodies/teen/amber.png",
      "licenses": "OGA-BY 3.0,CC-BY-SA 3.0,GPL 3.0",
      "authors": "bluecarrot16,Evert,TheraHedwig,Benjamin K. Smith (BenCreating),MuffinElZangano,Durrani,Pierre Vigier (pvigier),Eliza Wyatt (ElizaWy),Matthew Krohn (makrohn),Johannes Sjölund (wulax),Stephen Challener (Redshrike)",
      "urls": "https://opengameart.org/content/liberated-pixel-cup-lpc-base-assets-sprites-map-tiles,https://opengameart.org/content/lpc-medieval-fantasy-character-sprites,https://opengameart.org/content/lpc-ladies,https://opengameart.org/content/lpc-teen-unisex-base-clothes,https://opengameart.org/content/lpc-jump-expanded,https://opengameart.org/content/lpc-revised-character-basics,https://opengameart.org/content/lpc-be-seated,https://gitlab.com/vagabondgame/lpc-characters,https://opengameart.org/content/lpc-male-jumping-animation-by-durrani,https://opengameart.org/content/lpc-jump-expanded",
      "notes": "see details at https://opengameart.org/content/lpc-character-bases; 'Thick' Male Revised Run/Climb by JaidynReiman (based on ElizaWy's LPC Revised)"
    },
    {
      "fileName": "head/heads/human/male/amber.png",
      "licenses": "OGA-BY 3.0,CC-BY-SA 3.0,GPL 3.0",
      "authors": "bluecarrot16,Benjamin K. Smith (BenCreating),Stephen Challener (Redshrike)",
      "urls": "https://opengameart.org/content/liberated-pixel-cup-lpc-base-assets-sprites-map-tiles,https://opengameart.org/content/lpc-character-bases",
      "notes": "original head by Redshrike, tweaks by BenCreating, modular version by bluecarrot16"
    },
    {
      "fileName": "eyes/human/adult/default/brown.png",
      "licenses": "OGA-BY 3.0,CC-BY-SA 3.0,GPL 3.0",
      "authors": "JaidynReiman,Matthew Krohn (makrohn),Stephen Challener (Redshrike)",
      "urls": "https://opengameart.org/content/liberated-pixel-cup-lpc-base-assets-sprites-map-tiles",
      "notes": "original by Redshrike, mapped to all frames by Matthew Krohn & JaidynReiman"
    },
    {
      "fileName": "hair/plain/adult/light_brown.png",
      "licenses": "OGA-BY 3.0,CC-BY-SA 3.0,GPL 3.0",
      "authors": "JaidynReiman,Manuel Riecke (MrBeast),Joe White",
      "urls": "https://opengameart.org/content/liberated-pixel-cup-lpc-base-assets-sprites-map-tiles,https://opengameart.org/content/ponytail-and-plain-hairstyles,https://opengameart.org/content/lpc-expanded-hair",
      "notes": ""
    },
    {
      "fileName": "torso/clothes/shortsleeve/shortsleeve/teen/charcoal.png",
      "licenses": "OGA-BY 3.0,CC-BY-SA 3.0,GPL 3.0",
      "authors": "Nyom,bluecarrot16,ElizaWy,JaidynReiman,Stephen Challener (Redshrike)",
      "urls": "https://opengameart.org/content/liberated-pixel-cup-lpc-base-assets-sprites-map-tiles,https://opengameart.org/content/lpc-7-womens-shirts,http://opengameart.org/content/lpc-revised-character-basics,http://opengameart.org/content/lpc-clothing-updates,https://opengameart.org/content/lpc-teen-androgynous-short-sleeve-shirt,https://github.com/ElizaWy/LPC/tree/main/Characters/Clothing,https://opengameart.org/content/lpc-expanded-sit-run-jump-more,https://opengameart.org/content/lpc-expanded-simple-shirts",
      "notes": "original by ElizaWy walkcycle only; extended to all animations by adapting from longsleeve, edited to v3 bases by bluecarrot16; teen version by Nyom; cleanup and climb/jump/run/sit/emote/revised combat adapted from LPC Revised by JaidynReiman"
    },
    {
      "fileName": "legs/leggings/thin/charcoal.png",
      "licenses": "OGA-BY 3.0",
      "authors": "bluecarrot16,ElizaWy,JaidynReiman,Mandi Paugh,William.Thompsonj,Johannes Sjölund (wulax),Stephen Challener (Redshrike)",
      "urls": "http://opengameart.org/content/sara-wizard,https://opengameart.org/content/lpc-sara,https://opengameart.org/content/lpc-expanded-pants",
      "notes": "Original bases by Redshrike, thrust/shoot bases by Wulax, adapted from sara's leggings to v3 bases by bluecarrot16, jump/run/sit by JaidynReiman based on ElizaWy's and modified to match"
    },
    {
      "fileName": "feet/boots/revised/thin/leather.png",
      "licenses": "OGA-BY 3.0",
      "authors": "ElizaWy,JaidynReiman,Stephen Challener (Redshrike),Johannes Sjölund (wulax)",
      "urls": "https://github.com/ElizaWy/LPC/tree/main/Characters/Clothing,https://opengameart.org/content/lpc-expanded-sit-run-jump-more,https://opengameart.org/content/lpc-expanded-socks-shoes",
      "notes": "original by ElizaWy, remaining frames by JaidynReiman"
    }
  ],
  "layers": [
    {
      "fileName": "body/bodies/teen/amber.png",
      "zPos": 10,
      "parentName": "body",
      "name": "Body_color",
      "variant": "amber",
      "supportedAnimations": "spellcast,thrust,walk,slash,shoot,hurt,watering,idle,jump,run,sit,emote,climb,combat,1h_slash,1h_backslash,1h_halfslash"
    },
    {
      "fileName": "legs/leggings/thin/charcoal.png",
      "zPos": 20,
      "parentName": "legs",
      "name": "Leggings",
      "variant": "charcoal",
      "supportedAnimations": "spellcast,thrust,walk,slash,shoot,hurt,watering,idle,jump,run,sit,emote,climb,combat,1h_slash,1h_backslash,1h_halfslash"
    },
    {
      "fileName": "feet/boots/revised/thin/leather.png",
      "zPos": 25,
      "parentName": "shoes",
      "name": "Revised_Boots",
      "variant": "leather",
      "supportedAnimations": "spellcast,thrust,walk,slash,shoot,hurt,watering,idle,jump,run,sit,emote,climb,combat,1h_slash,1h_backslash,1h_halfslash"
    },
    {
      "fileName": "torso/clothes/shortsleeve/shortsleeve/teen/charcoal.png",
      "zPos": 35,
      "parentName": "clothes",
      "name": "Shortsleeve",
      "variant": "charcoal",
      "supportedAnimations": "spellcast,thrust,walk,slash,shoot,hurt,watering,idle,jump,run,sit,emote,climb,combat,1h_slash,1h_backslash,1h_halfslash"
    },
    {
      "fileName": "head/heads/human/male/amber.png",
      "zPos": 100,
      "parentName": "head",
      "name": "Human_male",
      "variant": "amber",
      "supportedAnimations": "spellcast,thrust,walk,slash,shoot,hurt,watering,idle,jump,run,sit,emote,climb,combat,1h_slash,1h_backslash,1h_halfslash"
    },
    {
      "fileName": "eyes/human/adult/default/brown.png",
      "zPos": 105,
      "parentName": "eye_color",
      "name": "Eye_Color",
      "variant": "brown",
      "supportedAnimations": "spellcast,thrust,walk,slash,shoot,hurt,watering,idle,jump,run,sit,emote,climb,combat,1h_slash,1h_backslash,1h_halfslash"
    },
    {
      "fileName": "hair/plain/adult/light_brown.png",
      "zPos": 120,
      "parentName": "hair",
      "name": "Plain",
      "variant": "light brown",
      "supportedAnimations": "spellcast,thrust,walk,slash,shoot,hurt,watering,idle,jump,run,sit,emote,climb,combat,1h_slash,1h_backslash,1h_halfslash"
    }
  ]
}